"curr_date","ord_date","seller_np","null_fulfilment_id","null_net_tran_id","null_qty","null_itm_fulfilment_id","null_del_pc","null_created_date_time","null_domain","null_del_cty","null_cans_code","null_cans_dt_time","null_ord_stats","null_fulfil_status","null_itm_cat","null_cat_cons","null_sell_pincode","null_prov_id","null_itm_id","null_sell_np","null_net_ord_id","null_sell_cty","total_orders","total_canceled_orders"
2024-04-12,2024-04-02,agg.dominos.co.in,0,0,0,0,0,0,0,0,2,0,0,0,0,0,0,0,0,0,0,0,800,8
2024-04-12,2024-04-09,prod-ondc.dlyb.in,0,0,0,0,0,0,0,0,0,0,0,0,0,0,0,0,0,0,0,0,849,0
2024-04-12,2024-04-10,ondc.xpressbaazaar.com,0,0,0,0,0,0,0,8,0,0,0,0,0,0,0,0,0,0,0,0,13,0
2024-04-12,2024-04-05,gl-6912-httpapi.glstaging.in/gl/ondc,0,0,0,0,0,0,0,0,0,0,0,0,1,1,0,0,0,0,0,0,11,0
2024-04-12,2024-04-09,biz.ondc.mcdindia.com,0,0,0,0,0,0,0,35,0,0,0,0,19,19,0,0,0,0,0,0,55,5
2024-04-12,2024-04-08,ondc.ideamasters.store,0,0,0,0,0,0,0,0,0,0,0,0,0,0,0,0,0,0,0,0,1,0
2024-04-12,2024-04-02,prd.mystore.in,0,0,0,0,0,0,0,120,0,0,0,0,9,16,0,0,0,0,0,0,409,23
2024-04-12,2024-04-09,ondc.sellerapp.in,0,0,0,0,0,0,0,130,0,0,0,0,250,250,0,0,0,0,0,0,250,224
2024-04-12,2024-04-02,shikhar-ondc.hulcd.com,0,0,0,0,0,0,0,43,0,0,0,0,0,0,0,0,0,0,0,0,43,0
2024-04-12,2024-04-03,ondc.addble.com,0,0,0,0,0,0,0,0,0,0,0,0,0,0,0,0,0,0,0,0,6,0
2024-04-12,2024-04-01,pep1.in,0,0,0,0,0,0,0,1,0,0,0,0,0,0,0,0,0,0,0,0,1,0
2024-04-12,2024-04-03,prod-myfitness-bpp.shopalyst.com,0,0,0,0,0,0,0,29,1,0,0,0,0,0,0,0,0,0,0,0,47,4
2024-04-12,2024-04-05,ondc-prod.uengage.in,0,0,0,0,0,0,0,224,0,0,0,0,5,5,0,0,0,0,0,0,484,34
2024-04-12,2024-04-07,ushop.thesellerapp.com,0,0,0,0,0,0,0,4,0,0,0,0,0,0,0,0,0,0,0,0,4,0
2024-04-12,2024-04-04,api.esamudaay.com/ondc/sdk/bpp/retail/uespl,0,0,0,0,0,0,0,0,0,0,0,0,0,0,0,0,0,0,0,0,6,0
2024-04-12,2024-04-07,ondc.chattybao.com/ondc,0,0,0,0,0,0,0,0,0,0,0,0,0,0,0,0,0,0,0,0,1,0
2024-04-12,2024-04-03,api.esamudaay.com/ondc/sdk/bpp/retail/ubtpl,0,0,0,0,0,0,0,1,0,0,0,0,0,0,0,0,0,0,0,0,1,0
2024-04-12,2024-04-04,api.kiko.live/ondc-seller,0,0,0,0,0,0,0,18,0,0,0,0,0,0,0,0,0,0,0,0,605,1
2024-04-12,2024-04-06,webapi.magicpin.in/oms_partner/ondc,0,0,0,0,0,0,0,1855,4,0,0,0,1796,1796,398,0,0,0,0,398,25402,963
2024-04-12,2024-04-03,prod-eatanytime-bpp.shopalyst.com,0,0,0,0,0,0,0,19,0,0,0,0,0,0,0,0,0,0,0,0,39,1
2024-04-12,2024-04-03,api.esamudaay.com/ondc/sdk/bpp/retail/uespl,0,0,0,0,0,0,0,2,0,0,0,0,0,0,0,0,0,0,0,0,55,0
2024-04-12,2024-04-09,prod-villain-bpp.shopalyst.com,0,0,0,0,0,0,0,0,0,0,0,0,1,1,0,0,0,0,0,0,2,0
2024-04-12,2024-04-05,ondcmp.nlincs.in,0,0,0,0,0,0,0,0,0,0,0,0,0,0,0,0,0,0,0,0,361,0
2024-04-12,2024-04-10,prod-boat-bpp.shopalyst.com,0,0,0,0,0,0,0,2,0,0,0,0,0,0,0,0,0,0,0,0,5,0
2024-04-12,2024-04-03,biz.happistores.com,0,0,0,0,0,0,0,0,0,0,0,0,0,0,0,0,0,0,0,0,1,0
2024-04-12,2024-04-09,prod-gonoise-bpp.shopalyst.com,0,0,0,0,0,0,0,0,0,0,0,0,0,0,0,0,0,0,0,0,1,0
2024-04-12,2024-04-02,api.kiko.live/ondc-seller,0,0,0,0,0,0,0,652,0,0,0,0,0,0,0,0,0,0,0,0,2001,12
2024-04-12,2024-04-04,webapi.magicpin.in/oms_partner/ondc,0,0,0,0,0,0,0,1252,0,0,0,0,985,985,109,0,0,0,0,109,17173,713
2024-04-12,2024-04-08,api.esamudaay.com/ondc/sdk/bpp/retail/uespl,0,0,0,0,0,0,0,0,0,0,0,0,0,0,0,0,0,0,0,0,77,0
2024-04-12,2024-04-06,api.esamudaay.com/ondc/sdk/bpp/retail/uespl,0,0,0,0,0,0,0,0,0,0,0,0,0,0,0,0,0,0,0,0,3,0
2024-04-12,2024-04-08,cloud-adaptor.proteantech.in/api/seller/adaptor/ndhgo,0,0,0,0,0,0,0,3,0,0,0,0,0,0,0,0,0,0,0,0,4,0
2024-04-12,2024-04-04,prod-villain-bpp.shopalyst.com,0,0,0,0,0,0,0,2,0,0,0,0,0,0,0,0,0,0,0,0,3,0
2024-04-12,2024-04-01,biz.polestarre.in,0,0,0,0,0,0,0,1,0,0,0,0,0,0,0,0,0,0,0,0,5,0
2024-04-12,2024-04-05,prod-primarcpecan-bpp.shopalyst.com,0,0,0,0,0,0,0,1,0,0,0,0,0,0,0,0,0,0,0,0,1,0
2024-04-12,2024-04-08,ushop.thesellerapp.com,0,0,0,0,0,0,0,1,0,0,0,0,0,0,0,0,0,0,0,0,1,0
2024-04-12,2024-04-03,agg.dominos.co.in,0,0,0,0,0,0,0,0,0,0,0,0,0,0,0,0,0,0,0,0,768,3
2024-04-12,2024-04-09,prod-myfitness-bpp.shopalyst.com,0,0,0,0,0,0,0,30,0,0,0,0,3,3,0,0,0,0,0,0,63,0
2024-04-12,2024-04-01,retailconnect.co.in,0,0,0,0,0,0,0,0,0,0,0,0,0,2,0,0,0,0,0,0,19,0
2024-04-12,2024-04-02,cloud-adaptor.proteantech.in/api/seller/adaptor/ndhgo,0,0,0,0,0,0,0,5,0,0,0,0,0,0,0,0,0,0,0,0,15,1
2024-04-12,2024-04-04,ondc.xpressbaazaar.com,0,0,0,0,0,0,0,8,0,0,0,0,0,0,0,0,0,0,0,0,13,4
2024-04-12,2024-04-07,ondc.rajnigandha.com,0,0,0,0,0,0,0,1,0,0,0,0,0,0,0,0,0,0,0,0,1,0
2024-04-12,2024-04-11,ondc.xpressbaazaar.com,0,0,0,0,0,0,0,10,0,0,0,0,0,0,0,0,0,0,0,0,18,0
2024-04-12,2024-04-08,prod-boat-bpp.shopalyst.com,0,0,0,0,0,0,0,1,0,0,0,0,0,0,0,0,0,0,0,0,4,0
2024-04-12,2024-04-02,prod-ondc.dlyb.in,0,0,0,0,0,0,0,0,0,0,0,0,0,0,0,0,0,0,0,0,363,8
2024-04-12,2024-04-04,ondc.kiko.live/ondc-seller,0,0,0,0,0,0,0,344,0,0,0,0,345,345,345,0,0,0,0,345,345,38
2024-04-12,2024-04-02,prod-myfitness-bpp.shopalyst.com,0,0,0,0,0,0,0,27,0,0,0,0,0,0,0,0,0,0,0,0,49,1
2024-04-12,2024-04-10,prod.growthfalcons.com/v1/gf,0,0,0,0,0,0,0,39,0,0,0,0,1,1,0,0,0,0,0,0,52,14
2024-04-12,2024-04-03,prod-wellify-bpp.shopalyst.com,0,0,0,0,0,0,0,17,0,0,0,0,0,0,0,0,0,0,0,0,24,0
2024-04-12,2024-04-11,ondc.chattybao.com/ondc,0,0,0,0,0,0,0,0,0,0,0,0,0,0,0,0,0,0,0,0,1,1
2024-04-12,2024-04-08,api.kiko.live/ondc-seller,0,0,0,0,0,0,0,0,0,0,0,0,40,40,40,0,0,0,0,40,1936,3
2024-04-12,2024-04-03,biz.ondc.rebelfoods.com,0,0,0,0,0,0,0,200,0,0,0,0,36,36,0,0,0,0,0,0,390,39
2024-04-12,2024-04-01,ondc-otipy.crofarm.com,0,0,0,0,0,0,0,14,16,0,0,0,0,790,0,0,0,0,0,0,2068,69
2024-04-12,2024-04-10,sellerappapi.ninjacart.in,0,0,0,0,0,0,0,236,0,0,0,0,4,4,3,0,0,0,0,3,343,14
2024-04-12,2024-04-08,prod-eatanytime-bpp.shopalyst.com,0,0,0,0,0,0,0,20,3,0,0,0,0,0,0,0,0,0,0,0,50,3
2024-04-12,2024-04-02,biz.ondc.zyapaar.com,0,0,0,0,0,0,0,6,0,0,0,0,0,0,0,0,0,0,0,0,7,0
2024-04-12,2024-04-07,ondc.sellerapp.in,0,0,0,0,0,0,0,1,0,0,0,0,5,5,0,0,0,0,0,0,5,0
2024-04-12,2024-04-02,webapi.magicpin.in/oms_partner/ondc,0,0,0,0,0,0,0,1076,0,0,0,0,1016,1016,42,0,0,0,0,42,18807,697
2024-04-12,2024-04-01,apigateway.bizom.in/ondc,0,0,0,0,0,0,0,24,0,0,0,0,0,0,0,0,0,0,0,0,24,0
2024-04-12,2024-04-09,integrations.channelier.com,0,0,0,0,0,0,0,1,0,0,0,0,0,0,0,0,0,0,0,0,42,4
2024-04-12,2024-04-09,prd.mystore.in,0,0,0,0,0,0,0,149,0,0,0,0,22,24,2,0,0,0,0,2,545,9
2024-04-12,2024-04-10,ondc.gofrugal.com,0,0,0,0,0,0,0,33,0,0,0,0,0,0,0,0,0,0,0,0,121,0
2024-04-12,2024-04-01,api.esamudaay.com/ondc/sdk/bpp/retail/uespl,0,0,0,0,0,0,0,6,0,0,0,0,0,0,0,0,0,0,0,0,33,0
2024-04-12,2024-04-04,agrimart.api.agrevolution.in,0,0,0,0,0,0,0,0,1,0,0,0,10,10,10,0,0,0,0,10,10,6
2024-04-12,2024-04-01,prod-boat-bpp.shopalyst.com,0,0,0,0,0,0,0,5,0,0,0,0,0,0,0,0,0,0,0,0,9,2
2024-04-12,2024-04-08,prd.mystore.in,0,0,0,0,0,0,0,30,0,0,0,0,32,32,1,0,0,0,0,1,262,9
2024-04-12,2024-04-02,api.esamudaay.com/ondc/sdk/bpp/retail/uespl,0,0,0,0,0,0,0,4,0,0,0,0,0,0,0,0,0,0,0,0,35,2
2024-04-12,2024-04-08,ondc.sellerapp.in,0,0,0,0,0,0,0,11,0,0,0,0,17,17,0,0,0,0,0,0,17,11
2024-04-12,2024-04-07,ondc.gofrugal.com,0,0,0,0,0,0,0,2,0,0,0,0,0,0,0,0,0,0,0,0,76,0
2024-04-12,2024-04-11,prod-villain-bpp.shopalyst.com,0,0,0,0,0,0,0,2,0,0,0,0,0,0,0,0,0,0,0,0,4,0
2024-04-12,2024-04-01,bpp.dbs.digiit.ai,0,0,0,0,0,0,0,0,0,0,0,0,0,0,0,0,0,0,0,0,1,0
2024-04-12,2024-04-02,api3.eksecond.in,0,0,0,0,0,0,0,0,0,0,0,0,1,1,1,0,0,0,0,1,1,0
2024-04-12,2024-04-06,prod-wowskinscience-bpp.shopalyst.com,0,0,0,0,0,0,0,1,0,0,0,0,0,0,0,0,0,0,0,0,1,0
2024-04-12,2024-04-06,ondcmp.nlincs.in,0,0,0,0,0,0,0,0,0,0,0,0,0,0,0,0,0,0,0,0,349,0
2024-04-12,2024-04-05,api.eksecond.in,0,0,0,0,0,0,0,170,0,0,0,0,1,1,0,0,0,0,0,0,186,87
2024-04-12,2024-04-06,api.kiko.live/ondc-seller,0,0,0,0,0,0,0,0,0,0,0,0,0,0,0,0,0,0,0,0,375,0
2024-04-12,2024-04-06,ondc.xpressbaazaar.com,0,0,0,0,0,0,0,25,0,0,0,0,0,0,0,0,0,0,0,0,44,1
2024-04-12,2024-04-09,apigateway.bizom.in/ondc,0,0,0,0,0,0,0,33,0,0,0,0,0,0,0,0,0,0,0,0,33,0
2024-04-12,2024-04-06,prod-boat-bpp.shopalyst.com,0,0,0,0,0,0,0,2,0,0,0,0,0,0,0,0,0,0,0,0,6,0
2024-04-12,2024-04-08,api.esamudaay.com/ondc/sdk/bpp/retail/msdspl,0,0,0,0,0,0,0,0,0,0,0,0,0,0,0,0,0,0,0,0,5,5
2024-04-12,2024-04-02,prod-thebodyshop-bpp.shopalyst.com,0,0,0,0,0,0,0,0,0,0,0,0,0,0,0,0,0,0,0,0,2,0
2024-04-12,2024-04-02,biz.ondc.rebelfoods.com,0,0,0,0,0,0,0,303,0,0,0,0,15,15,0,0,0,0,0,0,554,40
2024-04-12,2024-04-08,ondc.snapdeal.com,0,0,0,0,0,0,0,0,615,0,0,0,2,21,0,0,0,0,0,0,39420,2049
2024-04-12,2024-04-01,ondc-prod.uengage.in,0,0,0,0,0,0,0,364,0,0,0,0,9,9,0,0,0,0,0,0,752,57
2024-04-12,2024-04-11,ondc-otipy.crofarm.com,0,0,0,0,0,0,0,12,11,0,0,0,250,1044,0,0,0,0,0,0,1357,27
2024-04-12,2024-04-04,prod-wowskinscience-bpp.shopalyst.com,0,0,0,0,0,0,0,24,12,0,0,0,0,0,0,0,0,0,0,0,39,12
2024-04-12,2024-04-05,ondc.medpay.in,0,0,0,0,0,0,0,1,0,0,0,0,0,0,0,0,0,0,0,0,2,0
2024-04-12,2024-04-08,gl-6912-httpapi.glstaging.in/gl/ondc,0,0,0,0,0,0,0,0,0,0,0,0,0,0,0,0,0,0,0,0,3,0
2024-04-12,2024-04-02,prod-wellify-bpp.shopalyst.com,0,0,0,0,0,0,0,11,0,0,0,0,0,0,0,0,0,0,0,0,25,0
2024-04-12,2024-04-07,prod-wowskinscience-bpp.shopalyst.com,0,0,0,0,0,0,0,2,0,0,0,0,0,0,0,0,0,0,0,0,2,0
2024-04-12,2024-04-02,biz.enstore.com,0,0,0,0,0,0,0,71,10,0,0,0,6,6,0,0,0,0,0,0,568,61
2024-04-12,2024-04-09,prod-sellerapp.shiprocket.com,0,0,0,0,0,0,0,171,0,0,0,0,8,8,1,0,0,0,0,1,379,0
2024-04-12,2024-04-10,prd.mystore.in,0,0,0,0,0,0,0,150,0,0,0,0,32,42,5,0,0,0,0,5,577,5
2024-04-12,2024-04-07,prod-sellerapp.shiprocket.com,0,0,0,0,0,0,0,178,1,0,0,0,5,5,1,0,0,0,0,1,450,1
2024-04-12,2024-04-03,shikhar-ondc.hulcd.com,0,0,0,0,0,0,0,12,0,0,0,0,0,0,0,0,0,0,0,0,12,2
2024-04-12,2024-04-03,api.kiko.live/ondc-seller,0,0,0,0,0,0,0,500,0,0,0,0,13,13,13,0,0,0,0,13,1886,0
2024-04-12,2024-04-04,ondc-otipy.crofarm.com,0,0,0,0,0,0,0,5,3,0,0,0,1024,2215,0,0,0,0,0,0,3982,81
2024-04-12,2024-04-05,prod.growthfalcons.com/v1/gf,0,0,0,0,0,0,0,67,4,0,0,0,0,0,0,0,0,0,0,0,71,8
2024-04-12,2024-04-05,shikhar-ondc.hulcd.com,0,0,0,0,0,0,0,28,0,0,0,0,0,0,0,0,0,0,0,0,28,0
2024-04-12,2024-04-09,agrimart.api.agrevolution.in,0,0,0,0,0,0,0,0,0,0,0,0,6,6,6,0,0,0,0,6,6,1
2024-04-12,2024-04-01,ushop.thesellerapp.com,0,0,0,0,0,0,0,0,0,0,0,0,0,0,0,0,0,0,0,0,1,0
2024-04-12,2024-04-02,httpapi.globallinker.com/gl/ondc,0,0,0,0,0,0,0,0,0,0,0,0,0,0,0,0,0,0,0,0,1,0
2024-04-12,2024-04-02,biz.ondc.mcdindia.com,0,0,0,0,0,0,0,23,0,0,0,0,1,1,0,0,0,0,0,0,35,12
2024-04-12,2024-04-11,sellerappapi.ninjacart.in,0,0,0,0,0,0,0,329,0,0,0,0,0,0,0,0,0,0,0,0,463,14
2024-04-12,2024-04-11,prod-myfitness-bpp.shopalyst.com,0,0,0,0,0,0,0,44,1,0,0,0,1,1,0,0,0,0,0,0,70,1
2024-04-12,2024-04-08,ondc.gofrugal.com,0,0,0,0,0,0,0,0,0,0,0,0,0,0,0,0,0,0,0,0,95,1
2024-04-12,2024-04-03,prod-thebodyshop-bpp.shopalyst.com,0,0,0,0,0,0,0,0,0,0,0,0,0,0,0,0,0,0,0,0,2,0
2024-04-12,2024-04-07,ondc.ideamasters.store,0,0,0,0,0,0,0,0,0,0,0,0,0,0,0,0,0,0,0,0,1,0
2024-04-12,2024-04-04,httpapi.globallinker.com/gl/ondc,0,0,0,0,0,0,0,0,0,0,0,0,0,0,0,0,0,0,0,0,1,0
2024-04-12,2024-04-08,biz.enstore.com,0,0,0,0,0,0,0,116,56,0,0,0,13,13,0,0,0,0,0,0,1297,178
2024-04-12,2024-04-08,apigateway.bizom.in/ondc,0,0,0,0,0,0,0,27,0,0,0,0,0,0,0,0,0,0,0,0,27,0
2024-04-12,2024-04-06,api.esamudaay.com/ondc/sdk/bpp/retail/ubtpl,0,0,0,0,0,0,0,0,0,0,0,0,0,0,0,0,0,0,0,0,2,0
2024-04-12,2024-04-02,retailconnect.co.in,0,0,0,0,0,0,0,1,0,0,0,0,1,8,0,0,0,0,0,0,51,0
2024-04-12,2024-04-03,ushop.thesellerapp.com,0,0,0,0,0,0,0,2,0,0,0,0,0,0,0,0,0,0,0,0,2,0
2024-04-12,2024-04-01,biz.ondc.mcdindia.com,0,0,0,0,0,0,0,75,0,0,0,0,5,5,0,0,0,0,0,0,118,39
2024-04-12,2024-04-08,ondc.addble.com,0,0,0,0,0,0,0,0,0,0,0,0,0,0,0,0,0,0,0,0,27,0
2024-04-12,2024-04-09,prod-boat-bpp.shopalyst.com,0,0,0,0,0,0,0,4,1,0,0,0,0,0,0,0,0,0,0,0,8,1
2024-04-12,2024-04-04,integrations.channelier.com,0,0,0,0,0,0,0,2,0,0,0,0,1,1,1,0,0,0,0,1,16,1
2024-04-12,2024-04-09,ondc.ideamasters.store,0,0,0,0,0,0,0,0,0,0,0,0,0,0,0,0,0,0,0,0,1,0
2024-04-12,2024-04-04,falconsai.com,0,0,0,0,0,0,0,0,0,0,0,0,3,3,3,0,0,0,0,3,3,1
2024-04-12,2024-04-07,prod-primarcpecan-bpp.shopalyst.com,0,0,0,0,0,0,0,3,0,0,0,0,0,0,0,0,0,0,0,0,6,0
2024-04-12,2024-04-07,webapi.magicpin.in/oms_partner/ondc,0,0,0,0,2,0,0,2102,0,0,0,0,2444,2444,440,0,0,0,0,440,29328,1143
2024-04-12,2024-04-04,prod-myfitness-bpp.shopalyst.com,0,0,0,0,0,0,0,41,2,0,0,0,0,0,0,0,0,0,0,0,85,2
2024-04-12,2024-04-11,prod-ondc.dlyb.in,0,0,0,0,0,0,0,0,1,0,0,0,0,0,0,0,0,0,0,0,606,1
2024-04-12,2024-04-01,api.esamudaay.com/ondc/sdk/bpp/retail/bzspr,0,0,0,0,0,0,0,2,0,0,0,0,0,0,0,0,0,0,0,0,5,0
2024-04-12,2024-04-01,ondcmp.nlincs.in,0,0,0,0,0,0,0,52,0,0,0,0,0,0,0,0,0,0,0,0,389,2
2024-04-12,2024-04-01,biz.ondc.rebelfoods.com,0,0,0,0,0,0,0,287,0,0,0,0,2,2,0,0,0,0,0,0,512,26
2024-04-12,2024-04-07,ondc.snapdeal.com,0,0,0,0,0,0,0,0,1439,0,0,0,0,25,0,0,0,0,0,0,42764,3182
2024-04-12,2024-04-10,ondc-otipy.crofarm.com,0,0,0,0,0,0,0,0,25,0,0,0,249,1029,0,0,0,0,0,0,1425,96
2024-04-12,2024-04-01,prod-villain-bpp.shopalyst.com,0,0,0,0,0,0,0,6,0,0,0,0,0,0,0,0,0,0,0,0,10,0
2024-04-12,2024-04-09,ondc.chattybao.com/ondc,0,0,0,0,0,0,0,0,0,0,0,0,0,0,0,0,0,0,0,0,7,1
2024-04-12,2024-04-09,api.esamudaay.com/ondc/sdk/bpp/retail/ubtpl,0,0,0,0,0,0,0,2,0,0,0,0,0,0,0,0,0,0,0,0,2,0
2024-04-12,2024-04-04,ushop.thesellerapp.com,0,0,0,0,0,0,0,3,0,0,0,0,0,0,0,0,0,0,0,0,3,0
2024-04-12,2024-04-01,prod-wellify-bpp.shopalyst.com,0,0,0,0,0,0,0,13,0,0,0,0,0,0,0,0,0,0,0,0,25,0
2024-04-12,2024-04-05,biz.enstore.com,0,0,0,0,0,0,0,136,42,0,0,0,14,14,0,0,0,0,0,0,958,216
2024-04-12,2024-04-05,biz.ondc.mcdindia.com,0,0,0,0,0,0,0,45,0,0,0,0,11,11,0,0,0,0,0,0,95,14
2024-04-12,2024-04-11,integrations.channelier.com,0,0,0,0,0,0,0,2,0,0,0,0,3,3,0,0,0,0,0,0,27,0
2024-04-12,2024-04-11,api.esamudaay.com/ondc/sdk/bpp/retail/uespl,0,0,0,0,0,0,0,3,0,0,0,0,0,0,0,0,0,0,0,0,74,0
2024-04-12,2024-04-02,biz.polestarre.in,0,0,0,0,0,0,0,3,0,0,0,0,2,2,2,0,0,0,0,2,5,1
2024-04-12,2024-04-05,ondc.gofrugal.com,0,0,0,0,0,0,0,0,0,0,0,0,1,1,0,0,0,0,0,0,21,1
2024-04-12,2024-04-08,ondc.kiko.live/ondc-seller,0,0,0,0,0,0,0,1864,0,0,0,0,1864,1864,1864,0,0,0,0,1864,1864,2
2024-04-12,2024-04-08,sellerappapi.ninjacart.in,0,0,0,0,0,0,0,158,2,0,0,0,0,0,0,0,0,0,0,0,218,10
2024-04-12,2024-04-04,retailconnect.co.in,0,0,0,0,0,0,0,6,1,0,0,0,0,10,0,0,0,0,0,0,60,1
2024-04-12,2024-04-05,prod-gonoise-bpp.shopalyst.com,0,0,0,0,0,0,0,1,0,0,0,0,0,0,0,0,0,0,0,0,1,0
2024-04-12,2024-04-10,prod-primarcpecan-bpp.shopalyst.com,0,0,0,0,0,0,0,1,0,0,0,0,0,0,0,0,0,0,0,0,1,0
2024-04-12,2024-04-07,cloud-adaptor.proteantech.in/api/seller/adaptor/ndhgo,0,0,0,0,0,0,0,8,0,0,0,0,0,0,0,0,0,0,0,0,10,0
2024-04-12,2024-04-03,falconsai.com,0,0,0,0,0,0,0,0,0,0,0,0,1,1,1,0,0,0,0,1,1,1
2024-04-12,2024-04-02,prod-wowskinscience-bpp.shopalyst.com,0,0,0,0,0,0,0,6,0,0,0,0,0,0,0,0,0,0,0,0,11,5
2024-04-12,2024-04-10,ondc.snapdeal.com,0,0,0,0,0,0,0,0,52,0,0,0,10466,10480,2499,0,0,0,0,2499,35192,1018
2024-04-12,2024-04-10,api.eksecond.in,0,0,0,0,0,0,0,107,0,0,0,0,11,11,0,0,0,0,0,0,157,25
2024-04-12,2024-04-02,prod.growthfalcons.com/v1/gf,0,0,0,0,0,0,0,110,0,0,0,0,0,0,0,0,0,0,0,0,110,17
2024-04-12,2024-04-01,cloud-adaptor.proteantech.in/api/seller/adaptor/paralleldots,0,0,0,0,0,0,0,20,0,0,0,0,0,0,0,0,0,0,0,0,20,0
2024-04-12,2024-04-01,ondc.gofrugal.com,0,0,0,0,0,0,0,0,0,0,0,0,0,0,0,0,0,0,0,0,37,0
2024-04-12,2024-04-05,ondc.xpressbaazaar.com,0,0,0,0,0,0,0,11,0,0,0,0,0,0,0,0,0,0,0,0,21,0
2024-04-12,2024-04-08,prod-primarcpecan-bpp.shopalyst.com,0,0,0,0,0,0,0,0,0,0,0,0,0,0,0,0,0,0,0,0,1,0
2024-04-12,2024-04-02,prod.instastack.io,0,0,0,0,0,0,0,2,2,0,0,0,0,0,0,0,0,0,0,0,2,2
2024-04-12,2024-04-01,prod-freshclub-bpp.shopalyst.com,0,0,0,0,0,0,0,0,0,0,0,0,0,0,0,0,0,0,0,0,4,0
2024-04-12,2024-04-03,biz.ondc.mcdindia.com,0,0,0,0,0,0,0,22,0,0,0,0,2,2,0,0,0,0,0,0,34,10
2024-04-12,2024-04-11,ondcmp.nlincs.in,0,0,0,0,0,0,0,0,0,0,0,0,0,0,0,0,0,0,0,0,376,2
2024-04-12,2024-04-06,prod-sellerapp.shiprocket.com,0,0,0,1,0,0,0,143,0,0,0,0,0,0,0,0,0,0,0,0,324,0
2024-04-12,2024-04-06,ondc-prod.uengage.in,0,0,0,0,0,0,0,351,0,0,0,0,15,15,1,0,0,0,0,1,709,44
2024-04-12,2024-04-09,ondc.addble.com,0,0,0,0,0,0,0,0,0,0,0,0,0,0,0,0,0,0,0,0,34,0
2024-04-12,2024-04-05,api.nearshop.in,0,0,0,0,0,0,0,0,0,0,0,0,0,0,0,0,0,0,0,0,9,1
2024-04-12,2024-04-07,prod-villain-bpp.shopalyst.com,0,0,0,0,0,0,0,2,0,0,0,0,0,0,0,0,0,0,0,0,4,0
2024-04-12,2024-04-03,ondc.rajnigandha.com,0,0,0,0,0,0,0,0,1,0,0,0,0,0,0,0,0,0,0,0,1,1
2024-04-12,2024-04-07,api.esamudaay.com/ondc/sdk/bpp/retail/ubtpl,0,0,0,0,0,0,0,0,0,0,0,0,1,1,0,0,0,0,0,0,1,0
2024-04-12,2024-04-01,prod-jajee-bpp.shopalyst.com,0,0,0,0,0,0,0,1,0,0,0,0,0,0,0,0,0,0,0,0,1,0
2024-04-12,2024-04-02,ondc-prod.uengage.in,0,0,0,0,0,0,0,232,0,0,0,0,4,4,0,0,0,0,0,0,516,73
2024-04-12,2024-04-01,biz.enstore.com,0,0,0,0,0,0,0,73,28,0,0,0,16,16,1,0,0,0,0,1,628,130
2024-04-12,2024-04-01,prod.growthfalcons.com/v1/gf,0,0,0,0,0,0,0,119,0,0,0,0,0,0,0,0,0,0,0,0,119,14
2024-04-12,2024-04-10,ondcmp.nlincs.in,0,0,0,0,0,0,0,2,0,0,0,0,0,0,0,0,0,0,0,0,296,0
2024-04-12,2024-04-02,ondc.brandshops.info,0,0,0,0,0,0,0,2,0,0,0,0,0,0,0,0,0,0,0,0,4,0
2024-04-12,2024-04-03,cloud-adaptor.proteantech.in/api/seller/adaptor/ndhgo,0,0,0,0,0,0,0,7,0,0,0,0,0,0,0,0,0,0,0,0,13,0
2024-04-12,2024-04-03,prod-wowskinscience-bpp.shopalyst.com,0,0,0,0,0,0,0,8,0,0,0,0,0,0,0,0,0,0,0,0,11,1
2024-04-12,2024-04-06,prod-thebodyshop-bpp.shopalyst.com,0,0,0,0,0,0,0,1,0,0,0,0,0,0,0,0,0,0,0,0,2,0
2024-04-12,2024-04-06,prod-wellify-bpp.shopalyst.com,0,0,0,0,0,0,0,6,0,0,0,0,0,0,0,0,0,0,0,0,15,0
2024-04-12,2024-04-09,prod-wellify-bpp.shopalyst.com,0,0,0,0,0,0,0,2,0,0,0,0,0,0,0,0,0,0,0,0,11,0
2024-04-12,2024-04-06,prod-villain-bpp.shopalyst.com,0,0,0,0,0,0,0,4,0,0,0,0,0,0,0,0,0,0,0,0,6,0
2024-04-12,2024-04-08,ondc-prod.uengage.in,0,0,0,0,0,0,0,275,0,0,0,0,17,17,3,0,0,0,0,3,619,47
2024-04-12,2024-04-09,biz.ondc.rebelfoods.com,0,0,0,0,0,0,0,668,0,0,0,0,205,205,0,0,0,0,0,0,1235,77
2024-04-12,2024-04-09,api.eksecond.in,0,0,0,0,0,0,0,67,0,0,0,0,2,2,0,0,0,0,0,0,81,26
2024-04-12,2024-04-06,biz.ondc.rebelfoods.com,0,0,0,0,2,0,0,1033,1,0,0,0,240,240,0,0,0,0,0,0,1917,91
2024-04-12,2024-04-03,bpp.dbs.digiit.ai,0,0,0,0,0,0,0,0,0,0,0,0,0,0,0,0,0,0,0,0,1,0
2024-04-12,2024-04-05,prod-eatanytime-bpp.shopalyst.com,0,0,0,0,0,0,0,15,1,0,0,0,0,0,0,0,0,0,0,0,23,1
2024-04-12,2024-04-10,prod-myfitness-bpp.shopalyst.com,0,0,0,0,0,0,0,45,0,0,0,0,2,2,0,0,0,0,0,0,71,0
2024-04-12,2024-04-09,biz.polestarre.in,0,0,0,0,0,0,0,0,0,0,0,0,0,0,0,0,0,0,0,0,1,1
2024-04-12,2024-04-10,prod-villain-bpp.shopalyst.com,0,0,0,0,0,0,0,3,0,0,0,0,0,0,0,0,0,0,0,0,5,0
2024-04-12,2024-04-01,prod-eatanytime-bpp.shopalyst.com,0,0,0,0,0,0,0,45,0,0,0,0,0,0,0,0,0,0,0,0,75,1
2024-04-12,2024-04-10,prod-eatanytime-bpp.shopalyst.com,0,0,0,0,0,0,0,36,1,0,0,0,0,0,0,0,0,0,0,0,76,1
2024-04-12,2024-04-11,apigateway.bizom.in/ondc,0,0,0,0,0,0,0,61,0,0,0,0,0,0,0,0,0,0,0,0,61,0
2024-04-12,2024-04-06,agg.dominos.co.in,0,0,0,0,0,0,0,0,4,0,0,0,0,0,0,0,0,0,0,0,908,6
2024-04-12,2024-04-05,prod-soulflower-bpp.shopalyst.com,0,0,0,0,0,0,0,1,0,0,0,0,0,0,0,0,0,0,0,0,1,0
2024-04-12,2024-04-06,ondc.rajnigandha.com,0,0,0,0,0,0,0,1,0,0,0,0,0,0,0,0,0,0,0,0,1,0
2024-04-12,2024-04-08,prod-myfitness-bpp.shopalyst.com,0,0,0,0,0,0,0,53,0,0,0,0,2,2,0,0,0,0,0,0,93,0
2024-04-12,2024-04-01,ondc.snapdeal.com,0,0,0,0,0,0,0,0,5569,0,0,0,0,12,0,0,0,0,0,0,28562,6684
2024-04-12,2024-04-09,biz.enstore.com,0,0,0,0,0,0,0,94,32,0,0,0,10,10,1,0,0,0,0,1,1217,105
2024-04-12,2024-04-07,ondc.addble.com,0,0,0,0,0,0,0,0,0,0,0,0,0,0,0,0,0,0,0,0,28,0
2024-04-12,2024-04-09,cloud-adaptor.proteantech.in/api/seller/adaptor/ndhgo,0,0,0,0,0,0,0,5,0,0,0,0,0,0,0,0,0,0,0,0,10,0
2024-04-12,2024-04-03,prod-slurrpfarm-bpp.shopalyst.com,0,0,0,0,0,0,0,1,0,0,0,0,0,0,0,0,0,0,0,0,1,0
2024-04-12,2024-04-03,ondc.snapdeal.com,0,0,0,0,0,0,0,0,5096,0,0,0,0,22,0,0,0,0,0,0,32056,6295
2024-04-12,2024-04-04,prd.mystore.in,0,0,0,0,0,0,0,62,0,0,0,0,9,15,2,0,0,0,0,2,413,27
2024-04-12,2024-04-11,biz.enstore.com,0,0,0,0,0,0,0,108,12,0,0,0,6,6,0,0,0,0,0,0,1159,38
2024-04-12,2024-04-11,biz.ondc.mcdindia.com,0,0,0,0,0,0,0,36,0,0,0,0,17,17,0,0,0,0,0,0,64,8
2024-04-12,2024-04-05,integrations.channelier.com,0,0,0,0,0,0,0,14,0,0,0,0,3,3,1,0,0,0,0,1,49,1
2024-04-12,2024-04-01,ondc.addble.com,0,0,0,0,0,0,0,0,0,0,0,0,0,0,0,0,0,0,0,0,6,0
2024-04-12,2024-04-04,prod-alpino-bpp.shopalyst.com,0,0,0,0,0,0,0,5,0,0,0,0,0,0,0,0,0,0,0,0,5,0
2024-04-12,2024-04-11,prod-wowskinscience-bpp.shopalyst.com,0,0,0,0,0,0,0,6,0,0,0,0,1,1,0,0,0,0,0,0,17,0
2024-04-12,2024-04-03,staging.tmbill.com/tp/v1/ondc,0,0,0,0,0,0,0,0,0,0,0,0,0,0,0,0,0,0,0,0,1,0
2024-04-12,2024-04-03,ondc-otipy.crofarm.com,0,0,0,0,0,0,0,9,21,0,0,0,531,1425,0,0,0,0,0,0,3105,95
2024-04-12,2024-04-10,ondc-prod.uengage.in,0,0,0,0,0,0,0,221,0,0,0,0,17,17,0,0,0,0,0,0,488,59
2024-04-12,2024-04-10,prod-wellify-bpp.shopalyst.com,0,0,0,0,0,0,0,1,0,0,0,0,0,0,0,0,0,0,0,0,6,0
2024-04-12,2024-04-11,ondc.gofrugal.com,0,0,0,0,0,0,0,29,0,0,0,0,0,0,0,0,0,0,0,0,132,0
2024-04-12,2024-04-06,ondc.kiko.live/ondc-seller,0,0,0,0,0,0,0,1042,0,0,0,0,1042,1042,1042,0,0,0,0,1042,1042,4
2024-04-12,2024-04-01,ondc.xpressbaazaar.com,0,0,0,0,0,0,0,8,0,0,0,0,0,0,0,0,0,0,0,0,14,0
2024-04-12,2024-04-11,cloud-adaptor.proteantech.in/api/seller/adaptor/ndhgo,0,0,0,0,0,0,0,6,0,0,0,0,0,0,0,0,0,0,0,0,16,0
2024-04-12,2024-04-10,staging.tmbill.com/tp/v1/ondc,0,0,0,0,0,0,0,0,0,0,0,0,0,0,0,0,0,0,0,0,4,3
2024-04-12,2024-04-08,ondc-otipy.crofarm.com,0,0,0,0,0,0,0,22,39,0,0,0,500,1583,0,0,0,0,0,0,2639,93
2024-04-12,2024-04-05,sellerappapi.ninjacart.in,0,0,0,0,0,0,0,154,1,0,0,0,40,40,3,0,0,0,0,3,221,12
2024-04-12,2024-04-05,prod-boat-bpp.shopalyst.com,0,0,0,0,0,0,0,4,0,0,0,0,0,0,0,0,0,0,0,0,7,1
2024-04-12,2024-04-09,prod-alpino-bpp.shopalyst.com,0,0,0,0,0,0,0,3,0,0,0,0,0,0,0,0,0,0,0,0,4,0
2024-04-12,2024-04-10,greenreceipt.in,0,0,0,0,0,0,0,0,0,0,0,0,0,0,0,0,0,0,0,0,1,0
2024-04-12,2024-04-02,ondc.snapdeal.com,0,0,0,0,0,0,0,0,5643,0,0,0,0,18,0,0,0,0,0,0,29915,6826
2024-04-12,2024-04-06,ondc.chattybao.com/ondc,0,0,0,0,0,0,0,9,0,0,0,0,0,0,0,0,0,0,0,0,16,0
2024-04-12,2024-04-09,bpp.dbs.digiit.ai,0,0,0,0,0,0,0,0,0,0,0,1,0,0,0,0,0,0,0,0,2,0
2024-04-12,2024-04-09,ondc.rajnigandha.com,0,0,0,0,0,0,0,2,0,0,0,0,0,0,0,0,0,0,0,0,2,0
2024-04-12,2024-04-11,prod-primarcpecan-bpp.shopalyst.com,0,0,0,0,0,0,0,1,0,0,0,0,0,0,0,0,0,0,0,0,3,0
2024-04-12,2024-04-08,api.eksecond.in,0,0,0,0,0,0,0,123,3,0,0,0,8,8,1,0,0,0,0,1,140,37
2024-04-12,2024-04-07,agg.dominos.co.in,0,0,0,0,0,0,0,0,0,0,0,0,0,0,0,0,0,0,0,0,859,4
2024-04-12,2024-04-04,api.eksecond.in,0,0,0,0,0,0,0,0,0,0,0,0,0,0,0,0,0,0,0,0,5,2
2024-04-12,2024-04-05,retailconnect.co.in,0,0,0,0,0,0,0,0,0,0,0,0,0,0,0,0,0,0,0,0,1,0
2024-04-12,2024-04-02,integrations.channelier.com,0,0,0,0,0,0,0,11,0,0,0,0,0,0,0,0,0,0,0,0,66,20
2024-04-12,2024-04-07,ondc.kiko.live/ondc-seller,0,0,0,0,0,0,0,927,0,0,0,0,927,927,927,0,0,0,0,927,927,1
2024-04-12,2024-04-05,agrimart.api.agrevolution.in,0,0,0,0,0,0,0,0,0,0,0,0,4,4,4,0,0,0,0,4,4,2
2024-04-12,2024-04-01,ondc.redtape.com,0,0,0,0,0,0,0,0,0,0,0,0,0,0,0,0,0,0,0,0,2,0
2024-04-12,2024-04-08,prod-ondc.dlyb.in,0,0,0,0,0,0,0,0,0,0,0,0,0,0,0,0,0,0,0,0,1224,0
2024-04-12,2024-04-07,api-ondc.dlyb.in,0,0,0,0,0,0,0,1,0,0,0,0,1,1,1,0,0,0,0,1,1,0
2024-04-12,2024-04-03,prod-boat-bpp.shopalyst.com,0,0,0,0,0,0,0,6,0,0,0,0,0,0,0,0,0,0,0,0,11,0
2024-04-12,2024-04-04,sellerappapi.ninjacart.in,0,0,0,0,0,0,0,38,0,0,0,0,4,4,1,0,0,0,0,1,70,20
2024-04-12,2024-04-10,prod-wowskinscience-bpp.shopalyst.com,0,0,0,0,0,0,0,16,0,0,0,0,0,0,0,0,0,0,0,0,28,0
2024-04-12,2024-04-06,ondc.addble.com,0,0,0,0,0,0,0,0,0,0,0,0,0,0,0,0,0,0,0,0,1,0
2024-04-12,2024-04-03,ondcmp.nlincs.in,0,0,0,0,0,0,0,8,0,0,0,0,0,0,0,0,0,0,0,0,397,0
2024-04-12,2024-04-07,api.eksecond.in,0,0,0,0,0,0,0,113,0,0,0,0,0,0,0,0,0,0,0,0,143,19
2024-04-12,2024-04-10,ondc.kiko.live/ondc-seller,0,0,0,0,0,0,0,1728,0,0,0,0,1728,1728,1728,0,0,0,0,1728,1728,0
2024-04-12,2024-04-10,agrimart.api.agrevolution.in,0,0,0,0,0,0,0,0,0,0,0,0,3,3,3,0,0,0,0,3,3,1
2024-04-12,2024-04-05,ondc-otipy.crofarm.com,0,0,0,0,0,0,0,34,2,0,0,0,1099,2297,0,0,0,0,0,0,3848,74
2024-04-12,2024-04-06,prod-myfitness-bpp.shopalyst.com,0,0,0,0,0,0,0,49,0,0,0,0,0,0,0,0,0,0,0,0,77,0
2024-04-12,2024-04-11,api.eksecond.in,0,0,0,0,0,0,0,212,1,0,0,0,31,31,2,0,0,0,0,2,238,48
2024-04-12,2024-04-05,api.esamudaay.com/ondc/sdk/bpp/retail/uespl,0,0,0,0,0,0,0,0,0,0,0,0,0,0,0,0,0,0,0,0,26,0
2024-04-12,2024-04-04,ondc.ideamasters.store,0,0,0,0,0,0,0,2,0,0,0,0,0,0,0,0,0,0,0,0,2,0
2024-04-12,2024-04-07,integrations.channelier.com,0,0,0,0,0,0,0,0,0,0,0,0,9,9,0,0,0,0,0,0,25,0
2024-04-12,2024-04-07,prod-wellify-bpp.shopalyst.com,0,0,0,0,0,0,0,5,0,0,0,0,0,0,0,0,0,0,0,0,14,0
2024-04-12,2024-04-05,apigateway.bizom.in/ondc,0,0,0,0,0,0,0,22,0,0,0,0,0,0,0,0,0,0,0,0,22,0
2024-04-12,2024-04-05,api.esamudaay.com/ondc/sdk/bpp/retail/ubtpl,0,0,0,0,0,0,0,0,0,0,0,0,0,0,0,0,0,0,0,0,1,1
2024-04-12,2024-04-11,ondcseller-prod.costbo.com,0,0,0,0,0,0,0,11,0,0,0,0,11,11,11,0,0,0,0,11,11,0
2024-04-12,2024-04-07,biz.enstore.com,0,0,0,0,0,0,0,183,70,0,0,0,23,23,0,0,0,0,0,0,1690,277
2024-04-12,2024-04-10,webapi.magicpin.in/oms_partner/ondc,0,0,0,0,0,0,0,1348,0,0,0,0,1552,1552,226,0,0,0,0,226,18051,926
2024-04-12,2024-04-07,prod-eatanytime-bpp.shopalyst.com,0,0,0,0,0,0,0,57,1,0,0,0,0,0,0,0,0,0,0,0,100,1
2024-04-12,2024-04-11,ondc.snapdeal.com,0,0,0,0,0,0,0,0,2,0,0,0,8694,8708,2323,0,0,0,0,2323,33876,976
2024-04-12,2024-04-05,prod-wowskinscience-bpp.shopalyst.com,0,0,0,0,0,0,0,3,0,0,0,0,0,0,0,0,0,0,0,0,9,0
2024-04-12,2024-04-09,biz.ondc.zyapaar.com,0,0,0,0,0,0,0,1,0,0,0,0,0,0,0,0,0,0,0,0,8,0
2024-04-12,2024-04-02,prod-alpino-bpp.shopalyst.com,0,0,0,0,0,0,0,3,0,0,0,0,0,0,0,0,0,0,0,0,4,0
2024-04-12,2024-04-09,dev-api.shopeg.in,0,0,0,0,0,0,0,0,0,0,0,2,2,2,2,0,0,0,0,2,2,0
2024-04-12,2024-04-06,biz.ondc.mcdindia.com,0,0,0,0,0,0,0,48,0,0,0,0,14,14,0,0,0,0,0,0,108,15
2024-04-12,2024-04-03,ondc.sellerapp.in,0,0,0,0,0,0,0,25,1,0,0,0,0,0,0,0,0,0,0,0,60,10
2024-04-12,2024-04-06,ondc.sellerapp.in,0,0,0,0,0,0,0,4,0,0,0,0,5,5,0,0,0,0,0,0,5,1
2024-04-12,2024-04-10,prod-thebodyshop-bpp.shopalyst.com,0,0,0,0,0,0,0,1,0,0,0,0,0,0,0,0,0,0,0,0,1,0
2024-04-12,2024-04-07,prod-alpino-bpp.shopalyst.com,0,0,0,0,0,0,0,2,0,0,0,0,0,0,0,0,0,0,0,0,3,0
2024-04-12,2024-04-03,prod-ondc.dlyb.in,0,0,0,0,0,0,0,0,0,0,0,0,0,0,0,0,0,0,0,0,520,2
2024-04-12,2024-04-11,webapi.magicpin.in/oms_partner/ondc,0,0,0,0,2,0,0,1434,0,0,0,0,1729,1729,257,0,0,0,0,257,20866,1066
2024-04-12,2024-04-02,ondc.addble.com,0,0,0,0,0,0,0,0,0,0,0,0,0,0,0,0,0,0,0,0,5,0
2024-04-12,2024-04-03,ondc.redtape.com,0,0,0,0,0,0,0,0,0,0,0,0,0,0,0,0,0,0,0,0,1,0
2024-04-12,2024-04-08,httpapi.globallinker.com/gl/ondc,0,0,0,0,0,0,0,0,0,0,0,0,1,1,0,0,0,0,0,0,3,0
2024-04-12,2024-04-08,ondc.xpressbaazaar.com,0,0,0,0,0,0,0,16,0,0,0,0,0,0,0,0,0,0,0,0,26,0
2024-04-12,2024-04-07,sellerappapi.ninjacart.in,0,0,0,0,0,0,0,174,0,0,0,0,2,2,0,0,0,0,0,0,253,7
2024-04-12,2024-04-04,ondc-prod.uengage.in,0,0,0,0,0,0,0,276,0,0,0,0,11,11,0,0,0,0,0,0,585,43
2024-04-12,2024-04-05,agg.dominos.co.in,0,0,0,0,0,0,0,0,2,0,0,0,0,0,0,0,0,0,0,0,753,4
2024-04-12,2024-04-09,prod.growthfalcons.com/v1/gf,0,0,0,0,0,0,0,43,0,0,0,0,0,0,0,0,0,0,0,0,57,13
2024-04-12,2024-04-06,biz.ondc.zyapaar.com,0,0,0,0,0,0,0,8,0,0,0,0,1,1,0,0,0,0,0,0,18,8
2024-04-12,2024-04-07,ondc.medpay.in,0,0,0,0,0,0,0,3,0,0,0,0,0,0,0,0,0,0,0,0,4,0
2024-04-12,2024-04-04,staging.tmbill.com/tp/v1/ondc,0,0,0,0,0,0,0,0,0,0,0,0,0,0,0,0,0,0,0,0,1,0
2024-04-12,2024-04-02,ondc-otipy.crofarm.com,0,0,0,0,0,0,0,39,0,0,0,0,123,1310,0,0,0,0,0,0,2870,121
2024-04-12,2024-04-01,prd.mystore.in,0,0,0,0,0,0,0,115,0,0,0,0,2,10,1,0,0,0,0,1,480,17
2024-04-12,2024-04-01,prod-ondc.dlyb.in,0,0,0,0,0,0,0,0,0,0,0,0,0,0,0,0,0,0,0,0,239,2
2024-04-12,2024-04-05,cloud-adaptor.proteantech.in/api/seller/adaptor/ndhgo,0,0,0,0,0,0,0,7,0,0,0,0,0,0,0,0,0,0,0,0,11,1
2024-04-12,2024-04-03,api.eksecond.in,0,0,0,0,0,0,0,174,7,0,0,0,0,0,0,0,0,0,0,0,181,29
2024-04-12,2024-04-04,prod-gonoise-bpp.shopalyst.com,0,0,0,0,0,0,0,0,0,0,0,0,0,0,0,0,0,0,0,0,1,0
2024-04-12,2024-04-03,ondc-prod.uengage.in,0,0,0,0,0,0,0,230,0,0,0,0,10,10,0,0,0,0,0,0,433,44
2024-04-12,2024-04-01,prod-myfitness-bpp.shopalyst.com,0,0,0,0,0,0,0,34,0,0,0,0,0,0,0,0,0,0,0,0,59,4
2024-04-12,2024-04-04,prod-wellify-bpp.shopalyst.com,0,0,0,0,0,0,0,6,0,0,0,0,0,0,0,0,0,0,0,0,17,0
2024-04-12,2024-04-11,biz.ondc.rebelfoods.com,0,0,0,0,0,0,0,506,0,0,0,0,222,222,0,0,0,0,0,0,1004,146
2024-04-12,2024-04-08,prod-alpino-bpp.shopalyst.com,0,0,0,0,0,0,0,1,0,0,0,0,0,0,0,0,0,0,0,0,1,0
2024-04-12,2024-04-07,ondcmp.nlincs.in,0,0,0,0,0,0,0,0,0,0,0,0,0,0,0,0,0,0,0,0,506,4
2024-04-12,2024-04-07,api.kiko.live/ondc-seller,0,0,0,0,0,0,0,0,0,0,0,0,82,82,82,0,0,0,0,82,2788,1
2024-04-12,2024-04-04,agg.dominos.co.in,0,0,0,0,0,0,0,0,4,0,0,0,0,0,0,0,0,0,0,0,791,4
2024-04-12,2024-04-03,ondc.xpressbaazaar.com,0,0,0,0,0,0,0,6,0,0,0,0,0,0,0,0,0,0,0,0,11,0
2024-04-12,2024-04-07,prod-thebodyshop-bpp.shopalyst.com,0,0,0,0,0,0,0,3,0,0,0,0,2,2,0,0,0,0,0,0,4,0
2024-04-12,2024-04-07,biz.ondc.rebelfoods.com,0,0,0,0,0,0,0,1104,1,0,0,0,247,247,0,0,0,0,0,0,2137,80
2024-04-12,2024-04-07,ondc-prod.uengage.in,0,0,0,0,0,0,0,418,0,0,0,0,18,18,0,0,0,0,0,0,973,70
2024-04-12,2024-04-05,prd.mystore.in,0,0,0,0,0,0,0,27,0,0,0,0,8,33,5,0,0,0,0,5,282,10
2024-04-12,2024-04-06,ondc-otipy.crofarm.com,0,0,0,0,0,0,0,15,33,0,0,0,1396,2490,0,0,0,0,0,0,4406,153
2024-04-12,2024-04-01,ondc.sellerapp.in,0,0,0,0,0,0,0,37,0,0,0,0,0,0,0,0,0,0,0,0,66,7
2024-04-12,2024-04-03,integrations.channelier.com,0,0,0,0,0,0,0,6,0,0,0,0,0,0,0,0,0,0,0,0,14,1
2024-04-12,2024-04-01,prod.instastack.io,0,0,0,0,0,0,0,2,1,0,0,0,0,0,0,0,0,0,0,0,2,1
2024-04-12,2024-04-09,ondc.medpay.in,0,0,0,0,0,0,0,1,0,0,0,0,0,0,0,0,0,0,0,0,2,0
2024-04-12,2024-04-03,biz.enstore.com,0,0,0,0,0,0,0,91,41,0,0,0,15,15,2,0,0,0,0,2,916,116
2024-04-12,2024-04-06,ondc.snapdeal.com,0,0,0,0,0,0,0,0,2671,0,0,0,0,16,0,0,0,0,0,0,44261,4556
2024-04-12,2024-04-08,retailconnect.co.in,0,0,0,0,0,0,0,1,0,0,0,0,0,11,0,0,0,0,0,0,74,17
2024-04-12,2024-04-08,prod-wellify-bpp.shopalyst.com,0,0,0,0,0,0,0,3,0,0,0,0,0,0,0,0,0,0,0,0,5,0
2024-04-12,2024-04-06,cloud-adaptor.proteantech.in/api/seller/adaptor/ndhgo,0,0,0,0,0,0,0,15,0,0,0,0,0,0,0,0,0,0,0,0,18,10
2024-04-12,2024-04-11,prod-wellify-bpp.shopalyst.com,0,0,0,0,0,0,0,0,0,0,0,0,0,0,0,0,0,0,0,0,3,0
2024-04-12,2024-04-04,prod-primarcpecan-bpp.shopalyst.com,0,0,0,0,0,0,0,2,0,0,0,0,0,0,0,0,0,0,0,0,2,0
2024-04-12,2024-04-11,api.kiko.live/ondc-seller,0,0,0,0,0,0,0,0,0,0,0,0,2,2,2,0,0,0,0,2,1830,4
2024-04-12,2024-04-05,biz.ondc.rebelfoods.com,0,0,0,0,0,0,0,799,0,0,0,0,166,166,0,0,0,0,0,0,1479,90
2024-04-12,2024-04-11,retailconnect.co.in,0,0,0,0,0,0,0,0,2,0,0,0,0,9,0,0,0,0,0,0,49,2
2024-04-12,2024-04-05,prod-wellify-bpp.shopalyst.com,0,0,0,0,0,0,0,14,1,0,0,0,0,0,0,0,0,0,0,0,20,1
2024-04-12,2024-04-01,ondc.brandshops.info,0,0,0,0,0,0,0,1,0,0,0,0,0,0,0,0,0,0,0,0,2,0
2024-04-12,2024-04-08,biz.ondc.rebelfoods.com,0,0,0,0,0,0,0,688,1,0,0,0,175,175,0,0,0,0,0,0,1370,78
2024-04-12,2024-04-09,ondc-otipy.crofarm.com,0,0,0,0,0,0,0,49,79,0,0,0,360,1474,0,0,0,0,0,0,2185,137
2024-04-12,2024-04-08,prod-thebodyshop-bpp.shopalyst.com,0,0,0,0,0,0,0,1,0,0,0,0,2,2,0,0,0,0,0,0,5,0
2024-04-12,2024-04-04,ondc.gofrugal.com,0,0,0,0,0,0,0,9,1,0,0,0,1,1,0,0,0,0,0,0,11,9
2024-04-12,2024-04-01,ondc.chattybao.com/ondc,0,0,0,0,0,0,0,0,0,0,0,0,0,0,0,0,0,0,0,0,2,0
2024-04-12,2024-04-01,prod-sellerapp.shiprocket.com,0,0,0,0,0,0,0,198,8,0,0,0,0,0,0,0,0,0,0,0,416,12
2024-04-12,2024-04-07,ondc-otipy.crofarm.com,0,0,0,0,0,0,0,13,0,0,0,0,251,1333,0,0,0,0,0,0,2153,99
2024-04-12,2024-04-07,api.esamudaay.com/ondc/sdk/bpp/retail/uespl,0,0,0,0,0,0,0,10,0,0,0,0,0,0,0,0,0,0,0,0,89,1
2024-04-12,2024-04-09,ondcmp.nlincs.in,0,0,0,0,0,0,0,0,0,0,0,0,0,0,0,0,0,0,0,0,47,0
2024-04-12,2024-04-06,apigateway.bizom.in/ondc,0,0,0,0,0,0,0,39,0,0,0,0,0,0,0,0,0,0,0,0,39,0
2024-04-12,2024-04-10,prod-gonoise-bpp.shopalyst.com,0,0,0,0,0,0,0,0,0,0,0,0,0,0,0,0,0,0,0,0,2,0
2024-04-12,2024-04-08,webapi.magicpin.in/oms_partner/ondc,0,0,0,0,0,0,0,1203,0,0,0,0,1430,1430,253,0,0,0,0,253,20252,967
2024-04-12,2024-04-11,prod-sellerapp.shiprocket.com,0,0,0,0,0,0,0,186,2,0,0,0,9,9,0,0,0,0,0,0,349,2
2024-04-12,2024-04-04,biz.ondc.mcdindia.com,0,0,0,0,0,0,0,39,0,0,0,0,13,13,0,0,0,0,0,0,79,9
2024-04-12,2024-04-11,gl-6912-httpapi.glstaging.in/gl/ondc,0,0,0,0,0,0,0,0,0,0,0,0,4,4,0,0,0,0,0,0,11,0
2024-04-12,2024-04-09,ondc-prod.uengage.in,0,0,0,0,0,0,0,230,0,0,0,0,17,17,0,0,0,0,0,0,529,54
2024-04-12,2024-04-09,ondc.gofrugal.com,0,0,0,0,0,0,0,19,0,0,0,0,0,0,0,0,0,0,0,0,83,0
2024-04-12,2024-04-08,biz.ondc.zyapaar.com,0,0,0,0,0,0,0,2,0,0,0,0,0,0,0,0,0,0,0,0,5,3
2024-04-12,2024-04-01,integrations.channelier.com,0,0,0,0,0,0,0,38,0,0,0,0,1,1,0,0,0,0,0,0,91,0
2024-04-12,2024-04-08,ondc.medpay.in,0,0,0,0,0,0,0,1,0,0,0,0,0,0,0,0,0,0,0,0,2,0
2024-04-12,2024-04-11,ondc.addble.com,0,0,0,0,0,0,0,0,0,0,0,0,0,0,0,0,0,0,0,0,35,0
2024-04-12,2024-04-04,ondc.snapdeal.com,0,0,0,0,0,0,0,0,3676,0,0,0,0,15,0,0,0,0,0,0,27174,4793
2024-04-12,2024-04-11,prod.growthfalcons.com/v1/gf,0,0,0,0,0,0,0,54,0,0,0,0,7,7,1,0,0,0,0,1,75,22
2024-04-12,2024-04-02,ondc.xpressbaazaar.com,0,0,0,0,0,0,0,7,0,0,0,0,0,0,0,0,0,0,0,0,21,1
2024-04-12,2024-04-03,sellerapp.craftsvilla.com,0,0,0,0,0,0,0,0,0,0,0,0,0,0,0,0,0,0,0,0,2,0
2024-04-12,2024-04-08,prod-sellerapp.shiprocket.com,0,0,0,0,0,0,0,143,2,0,0,0,3,3,0,0,0,0,0,0,301,2
2024-04-12,2024-04-03,prd.mystore.in,0,0,0,0,0,0,0,41,0,0,0,0,2,3,0,0,0,0,0,0,290,14
2024-04-12,2024-04-05,webapi.magicpin.in/oms_partner/ondc,0,0,0,0,1,0,0,1288,0,0,0,0,1731,1731,407,0,0,0,0,407,19950,857
2024-04-12,2024-04-05,ondc.snapdeal.com,0,0,0,0,0,0,0,0,4471,0,0,0,0,12,0,0,0,0,0,0,47273,6535
2024-04-12,2024-04-11,ondc.kiko.live/ondc-seller,0,0,0,0,0,0,0,556,0,0,0,0,556,556,556,0,0,0,0,556,556,0
2024-04-12,2024-04-04,prod-eatanytime-bpp.shopalyst.com,0,0,0,0,0,0,0,17,3,0,0,0,0,0,0,0,0,0,0,0,38,6
2024-04-12,2024-04-03,retailconnect.co.in,0,0,0,0,0,0,0,1,12,0,0,0,0,2,0,0,0,0,0,0,28,12
2024-04-12,2024-04-11,lifelongonline.erpnext.com,0,0,0,0,0,0,0,0,0,0,0,0,0,0,0,0,0,0,0,0,1,0
2024-04-12,2024-04-01,prod-alpino-bpp.shopalyst.com,0,0,0,0,0,0,0,2,0,0,0,0,0,0,0,0,0,0,0,0,2,0
2024-04-12,2024-04-06,prod-gonoise-bpp.shopalyst.com,0,0,0,0,0,0,0,1,0,0,0,0,0,0,0,0,0,0,0,0,1,0
2024-04-12,2024-04-02,ondcmp.nlincs.in,0,0,0,0,0,0,0,39,0,0,0,0,0,0,0,0,0,0,0,0,382,0
2024-04-12,2024-04-11,agg.dominos.co.in,0,0,0,0,0,0,0,0,1,0,0,0,0,0,0,0,0,0,0,0,744,1
2024-04-12,2024-04-06,sellerappapi.ninjacart.in,0,0,0,0,0,0,0,244,1,0,0,0,7,7,0,0,0,0,0,0,318,16
2024-04-12,2024-04-05,prod-myfitness-bpp.shopalyst.com,0,0,0,0,0,0,0,34,0,0,0,0,1,1,0,0,0,0,0,0,58,0
2024-04-12,2024-04-05,biz.ondc.zyapaar.com,0,0,0,0,0,0,0,0,0,0,0,0,0,0,0,0,0,0,0,0,3,2
2024-04-12,2024-04-01,ondc.medpay.in,0,0,0,0,0,0,0,0,0,0,0,0,0,0,0,0,0,0,0,0,1,0
2024-04-12,2024-04-11,ondc.sellerapp.in,0,0,0,0,0,0,0,17,0,0,0,0,37,37,0,0,0,0,0,0,37,0
2024-04-12,2024-04-08,prod-gonoise-bpp.shopalyst.com,0,0,0,0,0,0,0,0,0,0,0,0,0,0,0,0,0,0,0,0,2,0
2024-04-12,2024-04-03,ondc.gofrugal.com,0,0,0,0,0,0,0,0,0,0,0,0,0,0,0,0,0,0,0,0,35,0
2024-04-12,2024-04-11,ondc.brandshops.info,0,0,0,0,0,0,0,2,0,0,0,0,0,0,0,0,0,0,0,0,5,0
2024-04-12,2024-04-04,ondc.sellerapp.in,0,0,0,0,0,0,0,1,0,0,0,0,4,4,0,0,0,0,0,0,4,3
2024-04-12,2024-04-10,gl-6912-httpapi.glstaging.in/gl/ondc,0,0,0,0,0,0,0,0,0,0,0,0,1,1,0,0,0,0,0,0,14,0
2024-04-12,2024-04-05,ushop.thesellerapp.com,0,0,0,0,0,0,0,2,0,0,0,0,0,0,0,0,0,0,0,0,2,0
2024-04-12,2024-04-10,ondc.medpay.in,0,0,0,0,0,0,0,1,0,0,0,0,0,0,0,0,0,0,0,0,2,0
2024-04-12,2024-04-09,httpapi.globallinker.com/gl/ondc,0,0,0,0,0,0,0,0,0,0,0,0,3,3,0,0,0,0,0,0,7,0
2024-04-12,2024-04-07,retailconnect.co.in,0,0,0,0,0,0,0,0,0,0,0,0,0,13,0,0,0,0,0,0,55,3
2024-04-12,2024-04-05,prod-alpino-bpp.shopalyst.com,0,0,0,0,0,0,0,0,0,0,0,0,0,0,0,0,0,0,0,0,2,0
2024-04-12,2024-04-07,ondc.xpressbaazaar.com,0,0,0,0,0,0,0,26,0,0,0,0,0,0,0,0,0,0,0,0,37,0
2024-04-12,2024-04-03,biz.polestarre.in,0,0,0,0,0,0,0,3,0,0,0,0,0,0,0,0,0,0,0,0,14,1
2024-04-12,2024-04-01,cloud-adaptor.proteantech.in/api/seller/adaptor/ndhgo,0,0,0,0,0,0,0,196,0,0,0,0,0,0,0,0,0,0,0,0,383,1
2024-04-12,2024-04-04,biz.ondc.rebelfoods.com,0,0,0,0,0,0,0,599,0,0,0,0,116,116,0,0,0,0,0,0,1087,54
2024-04-12,2024-04-10,ondc.addble.com,0,0,0,0,0,0,0,0,0,0,0,0,0,0,0,0,0,0,0,0,12,0
2024-04-12,2024-04-02,api.esamudaay.com/ondc/sdk/bpp/retail/ubtpl,0,0,0,0,0,0,0,0,0,0,0,0,0,0,0,0,0,0,0,0,1,0
2024-04-12,2024-04-10,biz.enstore.com,0,0,0,0,0,0,0,64,29,0,0,0,10,10,0,0,0,0,0,0,1141,64
2024-04-12,2024-04-07,biz.ondc.zyapaar.com,0,0,0,0,0,0,0,5,0,0,0,0,0,0,0,0,0,0,0,0,7,0
2024-04-12,2024-04-10,integrations.channelier.com,0,0,0,0,0,0,0,0,0,0,0,0,0,0,0,0,0,0,0,0,20,0
2024-04-12,2024-04-10,prod-sellerapp.shiprocket.com,0,0,0,0,0,0,0,136,2,0,0,0,1,1,0,0,0,0,0,0,326,3
2024-04-12,2024-04-05,ondc.sellerapp.in,0,0,0,0,0,0,0,3,0,0,0,0,9,9,0,0,0,0,0,0,9,8
2024-04-12,2024-04-11,prod-boat-bpp.shopalyst.com,0,0,0,0,0,0,0,2,0,0,0,0,0,0,0,0,0,0,0,0,2,0
2024-04-12,2024-04-02,prod-primarcpecan-bpp.shopalyst.com,0,0,0,0,0,0,0,1,0,0,0,0,0,0,0,0,0,0,0,0,1,0
2024-04-12,2024-04-01,agg.dominos.co.in,0,0,0,0,0,0,0,0,11,0,0,0,0,0,0,0,0,0,0,0,998,13
2024-04-12,2024-04-10,biz.ondc.mcdindia.com,0,0,0,0,0,0,0,40,0,0,0,0,12,12,0,0,0,0,0,0,62,10
2024-04-12,2024-04-03,apigateway.bizom.in/ondc,0,0,0,0,0,0,0,21,0,0,0,0,0,0,0,0,0,0,0,0,21,0
2024-04-12,2024-04-04,cloud-adaptor.proteantech.in/api/seller/adaptor/ndhgo,0,0,0,0,0,0,0,2,0,0,0,0,0,0,0,0,0,0,0,0,2,0
2024-04-12,2024-04-02,prod-eatanytime-bpp.shopalyst.com,0,0,0,0,0,0,0,23,0,0,0,0,0,0,0,0,0,0,0,0,45,1
2024-04-12,2024-04-03,webapi.magicpin.in/oms_partner/ondc,0,0,0,0,0,0,0,620,0,0,0,0,959,959,51,0,0,0,0,51,20724,824
2024-04-12,2024-04-11,prd.mystore.in,0,0,0,0,0,0,0,57,0,0,0,0,23,24,1,0,0,0,0,1,351,4
2024-04-12,2024-04-06,prod-eatanytime-bpp.shopalyst.com,0,0,0,0,0,0,0,19,1,0,0,0,0,0,0,0,0,0,0,0,34,1
2024-04-12,2024-04-02,api.eksecond.in,0,0,0,0,0,0,0,181,2,0,0,0,0,0,0,0,0,0,0,0,199,46
2024-04-12,2024-04-02,ondc.gofrugal.com,0,0,0,0,0,0,0,1,0,0,0,0,0,0,0,0,0,0,0,0,36,0
2024-04-12,2024-04-02,prod-villain-bpp.shopalyst.com,0,0,0,0,0,0,0,1,0,0,0,0,0,0,0,0,0,0,0,0,3,0
2024-04-12,2024-04-03,prod-alpino-bpp.shopalyst.com,0,0,0,0,0,0,0,2,0,0,0,0,0,0,0,0,0,0,0,0,4,0
2024-04-12,2024-04-06,integrations.channelier.com,0,0,0,0,0,0,0,0,0,0,0,0,0,0,0,0,0,0,0,0,6,0
2024-04-12,2024-04-10,api.kiko.live/ondc-seller,0,0,0,0,0,0,0,0,0,0,0,0,13,13,13,0,0,0,0,13,1843,0
2024-04-12,2024-04-10,retailconnect.co.in,0,0,0,0,0,0,0,2,0,0,0,0,0,9,0,0,0,0,0,0,44,0
2024-04-12,2024-04-06,biz.enstore.com,0,0,0,0,0,0,0,132,27,0,0,0,15,15,0,0,0,0,0,0,1150,149
2024-04-12,2024-04-06,ondc.gofrugal.com,0,0,0,0,0,0,0,3,0,0,0,0,0,0,0,0,0,0,0,0,36,4
2024-04-12,2024-04-08,prod-wowskinscience-bpp.shopalyst.com,0,0,0,0,0,0,0,1,0,0,0,0,0,0,0,0,0,0,0,0,2,0
2024-04-12,2024-04-02,prod-freshclub-bpp.shopalyst.com,0,0,0,0,0,0,0,0,0,0,0,0,0,0,0,0,0,0,0,0,1,1
2024-04-12,2024-04-05,ondc.ideamasters.store,0,0,0,0,0,0,0,0,0,0,0,0,0,0,0,0,0,0,0,0,1,0
2024-04-12,2024-04-04,pep1.in,0,0,0,0,0,0,0,1,0,0,0,0,0,0,0,0,0,0,0,0,1,0
2024-04-12,2024-04-09,sellerappapi.ninjacart.in,0,0,0,0,0,0,0,174,4,0,0,0,0,0,0,0,0,0,0,0,280,19
2024-04-12,2024-04-09,ondc.kiko.live/ondc-seller,0,0,0,0,0,0,0,1496,0,0,0,0,1496,1496,1496,0,0,0,0,1496,1496,0
2024-04-12,2024-04-10,prod-ondc.dlyb.in,0,0,0,0,0,0,0,0,3,0,0,0,0,0,0,0,0,0,0,0,1674,4
2024-04-12,2024-04-05,prod-sellerapp.shiprocket.com,0,0,0,0,0,0,0,117,0,0,0,0,0,0,0,0,0,0,0,0,277,0
2024-04-12,2024-04-01,ondc.ideamasters.store,0,0,0,0,0,0,0,0,0,0,0,0,0,0,0,0,0,0,0,0,2,0
2024-04-12,2024-04-07,prod.growthfalcons.com/v1/gf,0,0,0,0,0,0,0,90,0,0,0,0,0,0,0,0,0,0,0,0,99,21
2024-04-12,2024-04-07,prod-myfitness-bpp.shopalyst.com,0,0,0,0,0,0,0,45,1,0,0,0,1,1,0,0,0,0,0,0,72,1
2024-04-12,2024-04-10,ondc.sellerapp.in,0,0,0,0,0,0,0,4,0,0,0,0,19,19,0,0,0,0,0,0,19,12
2024-04-12,2024-04-08,ondc.chattybao.com/ondc,0,0,0,0,0,0,0,1,0,0,0,0,0,0,0,0,0,0,0,0,2,1
2024-04-12,2024-04-09,ondc.snapdeal.com,0,0,0,0,0,0,0,0,219,0,0,0,7174,7188,1725,0,0,0,0,1725,35566,1676
2024-04-12,2024-04-06,api.eksecond.in,0,0,0,0,0,0,0,146,2,0,0,0,1,1,0,0,0,0,0,0,169,69
2024-04-12,2024-04-02,ondc.sellerapp.in,0,0,0,0,0,0,0,28,0,0,0,0,0,0,0,0,0,0,0,0,55,7
2024-04-12,2024-04-01,ondc.rajnigandha.com,0,0,0,0,0,0,0,3,0,0,0,0,0,0,0,0,0,0,0,0,3,1
2024-04-12,2024-04-01,prod-wowskinscience-bpp.shopalyst.com,0,0,0,0,0,0,0,5,0,0,0,0,0,0,0,0,0,0,0,0,10,0
2024-04-12,2024-04-06,prod-alpino-bpp.shopalyst.com,0,0,0,0,0,0,0,6,0,0,0,0,0,0,0,0,0,0,0,0,11,0
2024-04-12,2024-04-10,cloud-adaptor.proteantech.in/api/seller/adaptor/ndhgo,0,0,0,0,0,0,0,6,0,0,0,0,0,0,0,0,0,0,0,0,12,0
2024-04-12,2024-04-11,prod-eatanytime-bpp.shopalyst.com,0,0,0,0,0,0,0,33,0,0,0,0,0,0,0,0,0,0,0,0,81,0
2024-04-12,2024-04-10,apigateway.bizom.in/ondc,0,0,0,0,0,0,0,46,0,0,0,0,0,0,0,0,0,0,0,0,46,0
2024-04-12,2024-04-05,prod-thebodyshop-bpp.shopalyst.com,0,0,0,0,0,0,0,0,0,0,0,0,0,0,0,0,0,0,0,0,2,0
2024-04-12,2024-04-03,prod.instastack.io,0,0,0,0,0,0,0,5,5,0,0,0,0,0,0,0,0,0,0,0,5,5
2024-04-12,2024-04-10,agg.dominos.co.in,0,0,0,0,0,0,0,0,3,0,0,0,0,0,0,0,0,0,0,0,725,7
2024-04-12,2024-04-05,api.kiko.live/ondc-seller,0,0,0,0,0,0,0,0,0,0,0,0,0,0,0,0,0,0,0,0,191,0
2024-04-12,2024-04-06,prd.mystore.in,0,0,0,0,0,0,0,20,0,0,0,0,24,30,5,0,0,0,0,5,213,22
2024-04-12,2024-04-06,retailconnect.co.in,0,0,0,0,0,0,0,1,0,0,0,0,0,0,0,0,0,0,0,0,17,0
2024-04-12,2024-04-09,retailconnect.co.in,0,0,0,0,0,0,0,0,0,0,0,0,0,7,0,0,0,0,0,0,82,0
2024-04-12,2024-04-03,prod-soulflower-bpp.shopalyst.com,0,0,0,0,0,0,0,0,0,0,0,0,0,0,0,0,0,0,0,0,1,0
2024-04-12,2024-04-04,ondc.rajnigandha.com,0,0,0,0,0,0,0,0,0,0,0,0,0,0,0,0,0,0,0,0,1,0
2024-04-12,2024-04-02,sellerappapi.ninjacart.in,0,0,0,0,0,0,0,103,0,0,0,0,0,0,0,0,0,0,0,0,160,13
2024-04-12,2024-04-08,biz.ondc.mcdindia.com,0,0,0,0,0,0,0,56,0,0,0,0,21,21,0,0,0,0,0,0,92,11
2024-04-12,2024-04-09,api.kiko.live/ondc-seller,0,0,0,0,0,0,0,0,0,0,0,0,8,8,8,0,0,0,0,8,1284,0
2024-04-12,2024-04-10,biz.ondc.rebelfoods.com,0,0,0,0,0,0,0,595,0,0,0,0,220,220,0,0,0,0,0,0,1159,82
2024-04-12,2024-04-04,prod-sellerapp.shiprocket.com,0,0,0,0,0,0,0,134,0,0,0,0,0,0,0,0,0,0,0,0,332,3
2024-04-12,2024-04-02,prod-boat-bpp.shopalyst.com,0,0,0,0,0,0,0,4,0,0,0,0,0,0,0,0,0,0,0,0,10,0
2024-04-12,2024-04-01,biz.ondc.zyapaar.com,0,0,0,0,0,0,0,1,0,0,0,0,0,0,0,0,0,0,0,0,1,0
2024-04-12,2024-04-07,httpapi.globallinker.com/gl/ondc,0,0,0,0,0,0,0,0,0,0,0,0,0,0,0,0,0,0,0,0,1,0
2024-04-12,2024-04-01,webapi.magicpin.in/oms_partner/ondc,0,0,0,0,0,0,0,1215,0,0,0,0,408,408,43,0,0,0,0,43,20595,692
2024-04-12,2024-04-09,ondc.xpressbaazaar.com,0,0,0,0,0,0,0,13,0,0,0,0,0,0,0,0,0,0,0,0,19,0
2024-04-12,2024-04-11,ondc.medpay.in,0,0,0,0,0,0,0,0,0,0,0,0,0,0,0,0,0,0,0,0,1,0
2024-04-12,2024-04-08,integrations.channelier.com,0,0,0,0,0,0,0,0,0,0,0,0,0,0,0,0,0,0,0,0,52,0
2024-04-12,2024-04-01,shikhar-ondc.hulcd.com,0,0,0,0,0,0,0,75,0,0,0,0,0,0,0,0,0,0,0,0,75,0
2024-04-12,2024-04-04,biz.enstore.com,0,0,0,0,0,0,0,71,47,0,0,0,10,10,0,0,0,0,0,0,624,112
2024-04-12,2024-04-02,apigateway.bizom.in/ondc,0,0,0,0,0,0,0,20,0,0,0,0,0,0,0,0,0,0,0,0,20,0
2024-04-12,2024-04-04,shikhar-ondc.hulcd.com,0,0,0,0,0,0,0,35,0,0,0,0,0,0,0,0,0,0,0,0,35,0
2024-04-12,2024-04-03,biz.ondc.24-seven.in,0,0,0,0,0,0,0,2,0,0,0,0,1,1,0,0,0,0,0,0,2,0
2024-04-12,2024-04-04,ondc.addble.com,0,0,0,0,0,0,0,0,0,0,0,0,0,0,0,0,0,0,0,0,3,0
2024-04-12,2024-04-03,prod-primarcpecan-bpp.shopalyst.com,0,0,0,0,0,0,0,0,0,0,0,0,0,0,0,0,0,0,0,0,1,0
2024-04-12,2024-04-08,agg.dominos.co.in,0,0,0,0,0,0,0,0,1,0,0,0,0,0,0,0,0,0,0,0,669,11
2024-04-12,2024-04-08,prod.growthfalcons.com/v1/gf,0,0,0,0,0,0,0,36,0,0,0,0,1,1,0,0,0,0,0,0,40,4
2024-04-12,2024-04-01,api.eksecond.in,0,0,0,0,0,0,0,190,1,0,0,0,0,0,0,0,0,0,0,0,199,54
2024-04-12,2024-04-09,api.esamudaay.com/ondc/sdk/bpp/retail/uespl,0,0,0,0,0,0,0,0,0,0,0,0,0,0,0,0,0,0,0,0,68,0
2024-04-12,2024-04-06,sellerapp.craftsvilla.com,0,0,0,0,0,0,0,0,0,0,0,0,0,0,0,0,0,0,0,0,1,0
2024-04-12,2024-04-06,prod.growthfalcons.com/v1/gf,0,0,0,0,0,0,0,88,0,0,0,0,0,0,0,0,0,0,0,0,91,32
2024-04-12,2024-04-03,biz.ondc.betterhomeapp.com,0,0,0,0,0,0,0,0,0,0,0,0,0,0,0,0,0,0,0,0,1,0
2024-04-12,2024-04-06,agrimart.api.agrevolution.in,0,0,0,0,0,0,0,0,3,0,0,0,14,14,14,0,0,0,0,14,14,12
2024-04-12,2024-04-02,prod-sellerapp.shiprocket.com,0,0,0,1,0,0,0,120,5,0,0,0,0,0,0,0,0,0,0,0,284,9
2024-04-12,2024-04-07,biz.ondc.mcdindia.com,0,0,0,0,0,0,0,61,0,0,0,0,21,21,0,0,0,0,0,0,127,33
2024-04-12,2024-04-09,prod-wowskinscience-bpp.shopalyst.com,0,0,0,0,0,0,0,9,0,0,0,0,2,2,0,0,0,0,0,0,19,0
2024-04-12,2024-04-07,apigateway.bizom.in/ondc,0,0,0,0,0,0,0,24,0,0,0,0,0,0,0,0,0,0,0,0,24,0
2024-04-12,2024-04-03,prod-villain-bpp.shopalyst.com,0,0,0,0,0,0,0,1,0,0,0,0,0,0,0,0,0,0,0,0,1,0
2024-04-12,2024-04-04,bpp.dbs.digiit.ai,0,0,0,0,0,0,0,0,0,0,0,0,0,0,0,0,0,0,0,0,1,0
2024-04-12,2024-04-09,webapi.magicpin.in/oms_partner/ondc,0,0,0,0,0,0,0,1277,0,0,0,0,1650,1650,206,0,0,0,0,206,19102,1066
2024-04-12,2024-04-01,sellerappapi.ninjacart.in,0,0,0,0,0,0,0,156,0,0,0,0,0,0,0,0,0,0,0,0,274,20
2024-04-12,2024-04-07,prd.mystore.in,0,0,0,0,0,0,0,48,0,0,0,0,34,40,0,0,0,0,0,0,334,14
2024-04-12,2024-04-10,ondcseller-prod.costbo.com,0,0,0,0,0,0,0,3,0,0,0,0,4,4,4,0,0,0,0,4,4,0
2024-04-12,2024-04-11,ondc.ideamasters.store,0,0,0,0,0,0,0,1,0,0,0,0,0,0,0,0,0,0,0,0,2,0
2024-04-12,2024-04-04,apigateway.bizom.in/ondc,0,0,0,0,0,0,0,15,0,0,0,0,0,0,0,0,0,0,0,0,15,1
2024-04-12,2024-04-11,ondc-prod.uengage.in,0,0,0,0,0,0,0,280,0,0,0,0,25,25,2,0,0,0,0,2,617,31
2024-04-12,2024-04-08,ondcmp.nlincs.in,0,0,0,0,0,0,0,0,0,0,0,0,0,0,0,0,0,0,0,0,459,0
2024-04-12,2024-04-01,api.kiko.live/ondc-seller,0,0,0,0,0,0,0,1361,0,0,0,0,0,0,0,0,0,0,0,0,3653,12
2024-04-12,2024-04-09,agg.dominos.co.in,0,0,0,0,0,0,0,0,0,0,0,0,0,0,0,0,0,0,0,0,676,6
2024-04-12,2024-04-03,prod-sellerapp.shiprocket.com,0,0,0,0,0,0,0,135,2,0,0,0,0,0,0,0,0,0,0,0,261,3
2024-04-12,2024-04-04,ondcmp.nlincs.in,0,0,0,0,0,0,0,29,0,0,0,0,0,0,0,0,0,0,0,0,399,0
2024-04-12,2024-04-05,ondc.kiko.live/ondc-seller,0,0,0,0,0,0,0,74,0,0,0,0,74,74,74,0,0,0,0,74,74,2
2024-04-12,2024-04-04,prod-boat-bpp.shopalyst.com,0,0,0,0,0,0,0,6,0,0,0,0,0,0,0,0,0,0,0,0,12,0
2024-04-12,2024-04-10,bpp.dbs.digiit.ai,0,0,0,0,0,0,0,0,0,0,0,0,0,0,0,0,0,0,0,0,2,1
2024-04-12,2024-04-10,ondc.ideamasters.store,0,0,0,0,0,0,0,0,0,0,0,0,0,0,0,0,0,0,0,0,1,0
2024-04-12,2024-04-08,api-ondc.dlyb.in,0,0,0,0,0,0,0,1,0,0,0,0,1,1,1,0,0,0,0,1,1,1
2024-04-12,2024-04-03,sellerappapi.ninjacart.in,0,0,0,0,0,0,0,132,2,0,0,0,0,0,0,0,0,0,0,0,258,35
2024-04-12,2024-04-10,api.esamudaay.com/ondc/sdk/bpp/retail/uespl,0,0,0,0,0,0,0,26,0,0,0,0,0,0,0,0,0,0,0,0,86,0
2024-04-12,2024-04-04,prod-ondc.dlyb.in,0,0,0,0,0,0,0,0,0,0,0,0,0,0,0,0,0,0,0,0,266,0
2024-04-12,2024-04-07,prod-boat-bpp.shopalyst.com,0,0,0,0,0,0,0,1,0,0,0,0,0,0,0,0,0,0,0,0,6,0
2024-04-12,2024-04-09,seller.prod.shopcircuit.ai,0,0,0,0,0,0,0,0,0,0,0,0,1,1,1,0,0,0,0,1,1,1
2024-04-12,2024-04-09,prod-eatanytime-bpp.shopalyst.com,0,0,0,0,0,0,0,18,1,0,0,0,0,0,0,0,0,0,0,0,41,1
2024-04-12,2024-04-03,prod.growthfalcons.com/v1/gf,0,0,0,0,0,0,0,130,3,0,0,0,1,1,0,0,0,0,0,0,132,15
2024-04-12,2024-04-11,prod-alpino-bpp.shopalyst.com,0,0,0,0,0,0,0,1,0,0,0,0,0,0,0,0,0,0,0,0,3,0
2024-04-12,2024-04-08,prod-villain-bpp.shopalyst.com,0,0,0,0,0,0,0,1,0,0,0,0,0,0,0,0,0,0,0,0,3,0
2024-04-12,2024-04-11,ushop.thesellerapp.com,0,0,0,0,0,0,0,1,0,0,0,0,0,0,0,0,0,0,0,0,1,0
2024-04-12,2024-04-03,ondc.brandshops.info,0,0,0,0,0,0,0,5,0,0,0,0,0,0,0,0,0,0,0,0,6,0
2024-04-12,2024-04-02,agrimart.api.agrevolution.in,0,0,0,0,0,0,0,0,1,0,0,0,12,12,12,0,0,0,0,12,12,2
2024-04-12,2024-04-05,prod-villain-bpp.shopalyst.com,0,0,0,0,0,0,0,2,0,0,0,0,0,0,0,0,0,0,0,0,4,0
2024-04-12,2024-04-01,prod-gonoise-bpp.shopalyst.com,0,0,0,0,0,0,0,1,0,0,0,0,0,0,0,0,0,0,0,0,1,0
